{"ASK":{"name":"As Kutina","county":"Sisac.-mos.","zipcode":"44320","city":"Kutina","address":"Ivana Mazuranica 6","email":"dmiljevic@email.t-com.hr","phone":"ca 6(098)980 1747","mobile":"(098)980 1747","long":"16.781944","lat":"45.475"},"BAL":{"name":"Bale","county":"Istarska","zipcode":"52211","city":"Bale","address":"Grote 64","email":"sreckod@net.hr","phone":"(052)824 389","mobile":"(099)686 389","long":"13.783611","lat":"45.040556"},"BRD":{"name":"Brda","county":"Split.-dalm.","zipcode":"21000","city":"Split","address":"Gradiscanskih Hrvata 18","email":"ivan.matkovic1950@gmail.com","phone":"canskih Hrvata 18(021)507 339","mobile":"(095)355 5000","long":"16.455833","lat":"43.513889"},"BRL":{"name":"Brela","county":"Split.-dalmDalmacija","zipcode":"21322","city":"Brela","address":"Trg zrtava domovinskog rata 1","email":"jasmin.likic1@st.t-com.hr","phone":"(021)612 502","mobile":"(091)894 8867","long":"16.934167","lat":"43.368889"},"BRO":{"name":"Brod","county":"Brod.-posavSlavonija","zipcode":"35000","city":"Slavonski Brod","address":"Borovska 1","email":"tenis.klub.brod@sb.t-com.hr","phone":"(035)448 048","mobile":"(091)536 0544","website":"www.tenis-klub-brod.hr","long":"18.015556","lat":"45.160278"},"CHR":{"name":"Chromos","county":"Gr. ZagrebZagreb","zipcode":"10000","city":"Zagreb","address":"Prisavlje 22","email":"teniski.klub.chromos@zg.t-com.hr","phone":"(01)604 3003","mobile":"(098)278 957","long":"16","lat":"45.8"},"CHS":{"name":"Chromos-Savica","county":"Gr. ZagrebZagreb","zipcode":"10000","city":"Zagreb","address":"Prisavlje bb","email":"dsrt@zg.t-com.hr","phone":"(01)604 3006","mobile":"(091)220 5660","long":"16","lat":"45.8"},"CLB":{"name":"C-lab","county":"Medimurska","zipcode":"40000","city":"Cakovec","address":"Slakovec 63 d","email":"franjo.golub2@ck.t-com.hr","phone":"(040)829 053","mobile":"(098)906 9237","long":"16.433889","lat":"46.384444"},"DLM":{"name":"Dalmacija","county":"ZadarskaDalmacija","zipcode":"23206","city":"Sukosan","address":"Sukosan XXX 40","email":"marina_nincevic@hotmail.com","long":"15.315556","lat":"44.046667"},"DCE":{"name":"Dalmacijacement","county":"Split.-dalm.Dalmacija","zipcode":"21210","city":"Solin","address":"Marka Marulica 24","email":"tenis.dc@email.t-com.hr","phone":"ca 24(021)212 442","mobile":"(098)370 982","website":"www.tenis-dalmacijacement.com","long":"16.5","lat":"43.55"},"DID":{"name":"Didon","county":"Virov.-podr.Sjeverozapadna","zipcode":"33000","city":"Virovitica","address":"Kralja Petra Kresimira 20","email":"tkdidon@gmail.com","phone":"(033)725 10","mobile":"(091)271 918","long":"17.383889","lat":"45.831944"},"DOM":{"name":"Donji Miholjac","county":"Osjecko.-baSlavonija","zipcode":"31540","city":"Donji Miholjac","address":"Kolodvorska 13","email":"33 122vatroslav.srajer@gmail.com","phone":"(031)633 122","mobile":"(091)508 0329","long":"18.167222","lat":"45.760833"},"DU":{"name":"Dubrovnik","county":"Dubr.-neret.Dalmacija","zipcode":"20000","city":"Dubrovnik","address":"Setaliste kralja Zvonimira bb","email":"tenisklubdubrovnik@gmail.com","phone":"(020)437","mobile":"(098)980 1633","long":"18.091389","lat":"42.650556"},"DSE":{"name":"Dugo Selo","county":"Zup.zagreb.","zipcode":"10370","city":"Dugo Selo","address":"Zagrebacka 29","email":"tk.dugoselo@gmail.com","phone":"cka 29(01)614 0714 ","mobile":"(095)847 4314 ","long":"15.914722","lat":"45.467222"},"DJA":{"name":"Dakovo","county":"Osjecko.-baSlavonija","zipcode":"31400","city":"Dakovo","address":"Ljudevita Gaja bb","email":"dario","phone":"(031)812 342","mobile":".jagodic@gmail.com(098)123 2088","long":"18.410556","lat":"45.308333"},"DUR":{"name":"Durdevac","county":"Kopr.-krizev.Sjeverozapadna","zipcode":"48350","city":"Durdevac","address":"Basaricekova 79","email":"mario.loncaric58@gmail.com","phone":"cekova 79(048)811 719","mobile":"(095)813 4872","website":"www.tk-djurdjevac.hr","long":"17.069722","lat":"46.041111"},"EIV":{"name":"Elkom Ivanec","county":"VarazdinskaSjeverozapadna","zipcode":"42240","city":"Ivanec","address":"Varazdinska bb","email":"miljenko.jarnjak@vz.t-com.hr","phone":"(042)784 454","mobile":"(098)426 958","long":"16.565833","lat":"46.074444"},"FEN":{"name":"Feniks","county":"Bjelov.-bilo.Sjeverozapadna","zipcode":"43500","city":"Daruvar","address":"Ceske brigade 7","email":"gopopadi@inet.hr","phone":"eske brigade 7(098)256 042  ","mobile":"(098)256 042  ","long":"17.225","lat":"45.590556"},"FRA":{"name":"Frankopan","county":"Karlovacka","zipcode":"47300","city":"Ogulin","address":"Prapuce Brod 21","email":"marijan_tonkovic@yahoo.com","phone":"ce Brod 21(047)532 389","mobile":"(098)741 785","long":"15.228611","lat":"45.266111"},"PUN":{"name":"Franjo Puncec","county":"MedimurskaSjeverozapadna","zipcode":"40000","city":"Cakovec","address":"Teniski park 1","email":"puncectenis@gmail.com","phone":"(040)312 186","mobile":"(098)706 157","website":"www.puncec-tenis.com","long":"16.433889","lat":"46.384444"},"FUT":{"name":"Futur","county":"Gr. ZagrebZagreb","zipcode":"10000","city":"Zagreb","address":"Vinogradi 46","email":"hrvoje@tenis-lav.hr","phone":"(01)373 4986","mobile":"(098)389 220","website":"www.tenis-lav.hr","long":"16","lat":"45.8"},"GMJ":{"name":"Gem","county":"Zup.zagreb.Sredisnja","zipcode":"10450","city":"Jastrebarsko","address":"Bana J.Jelacica 5a ","email":"sinisa.gorup75@gmail.com","phone":"cica 5a (091)577 4804","long":"15.648611","lat":"45.668333"},"DRV":{"name":"HATK Daruvar","county":"Bjelov.-bilo.Sjeverozapadna","zipcode":"43500","city":"Daruvar","address":"Luke Botica 12","email":"hatk.daruvar@gmail.com","phone":"ca 12(043)332 766","mobile":"(098)205 751","long":"17.225","lat":"45.590556"},"HRJ":{"name":"Hrvoje","county":"Gr. ZagrebZagreb","zipcode":"10360","city":"Zagreb","address":"Brestovecka 150","email":"hrvojetenissesvete@gmail.com","phone":"cka 150(01)200 9661","mobile":"(098)232 239","long":"16","lat":"45.8"},"HTK":{"name":"HTK Zagreb","county":"Gr. ZagrebZagreb","zipcode":"10000","city":"Zagreb","address":"Metalceva bb","email":"htk.zagreb@zg.t-com.hr","phone":"ceva bb(01)301 1045","mobile":"(098)275 319","long":"16","lat":"45.8"},"ISU":{"name":"Istraturist Umag","county":"IstarskaIstra i Primorje","zipcode":"52470","city":"Umag","address":"Savudrijska cesta bb","email":"alen.greblo@istraturist.hr","phone":"(091)556 5236","mobile":"(091)556 5236","long":"13.523889","lat":"45.431389"},"ITE":{"name":"Iteam","county":"Gr. ZagrebZagreb","zipcode":"10000","city":"Zagreb","address":"Vrbaniceva 31","email":"teniskiklub.iteam@gmail.com","phone":"ceva 31(091)569 7447","mobile":"(098) 824 003","long":"16","lat":"45.8"},"IVG":{"name":"Iteam Velika Gorica","county":"Zup.zagreb.Sredisnja","zipcode":"10410","city":"Velika Gorica","address":"Petra Zrinskog 5","email":"tk.iteam.vg@gmail.com","phone":"(091)334 4031","mobile":"(091)334 4031","long":"16.075556","lat":"45.7125"},"IMZ":{"name":"Ivan Merz","county":"Gr. ZagrebZagreb","zipcode":"10000","city":"Zagreb","address":"Ante Mike Tripala 1","email":"236alan.kolakovic@yahoo.com","phone":"(01)662 3236","mobile":"(091)111 5155","website":"www.samosport.hr","long":"16","lat":"45.8"},"IVN":{"name":"Ivanic 92","county":"Zup.zagreb.Sredisnja","zipcode":"10310","city":"Ivanic Grad","address":"Omladinska 33","email":"hrvoje.Lukacevic@ina.hr","phone":"(01)288 9373","mobile":"(091)733 0172","website":"www.tk-ivanic92.hr","long":"16.396944","lat":"45.708333"},"JST":{"name":"Jastreb","county":"Zup.zagreb.","zipcode":"10450","city":"Jastrebarsko","address":"Matije Gupca 8","email":"v_radenovic@yahoo.com","phone":"(099)216 5596","mobile":"(098)432 263","long":"15.648611","lat":"45.668333"},"KA":{"name":"Karlovac","county":"KarlovackaSredisnja","zipcode":"47000","city":"Karlovac","address":"Vrbanicev perivoj bb","email":"tkkarlovac@gmail.com","phone":"cev perivoj bb(047)615 242","mobile":"(091)880 8715","long":"18.1","lat":"45.7"},"KST":{"name":"Kastav","county":"Prim.-gor.Istra i Primorje","zipcode":"51215","city":"Kastav","address":"Rudno bb","email":"juracic1@gmail.com","phone":"(051)256 068","mobile":"(098)546 561","long":"14.348611","lat":"45.375278"},"KAS":{"name":"Kastela","county":"Split.-dalmDalmacija","zipcode":"21216","city":"Kastel Novi","address":"Cesta Franje Tudmana 5","email":"tajnal@hotmail.com","phone":"dmana 5(021)231 754","mobile":"(098)940 3820","long":"16.333333","lat":"43.55"},"KID":{"name":"Kid","county":"Zup.zagreb.","zipcode":"10310","city":"Ivanic Grad","address":"Etanska cesta bb","email":"miroslav.petek@ecp.hr","phone":"(01)283 1222","mobile":"(098)948 6006","long":"16.396944","lat":"45.708333"},"KC":{"name":"Koprivnica","county":"Kopr.-krizev.Sjeverozapadna","zipcode":"48000","city":"Koprivnica","address":"M.P.Miskine 12","email":"25kresimir.sifkorn@gmail.com","phone":"(048)622 262","mobile":"(098)248 112","website":"www.tk-koprivnica.hr","long":"16.8275","lat":"46.162778"},"KOR":{"name":"Korcula","county":"Dubr.-neret.Dalmacija","zipcode":"20260","city":"Korcula","address":"Put do luke bb","email":"stjepan.ipsa@du.t-com.hr","phone":"(020)726 271","long":"17.136944","lat":"42.962222"},"KZL":{"name":"Kozala","county":"IstarskaIstra i Primorje","zipcode":"51000","city":"Rijeka","address":"Petra Kobeka 11","email":"jelenamamula@yahoo.com","phone":"(051)513 799","mobile":"(098)185 3594","long":"14.409167","lat":"45.343056"},"KRI":{"name":"Krizevci","county":"Kopr.-krizev.Sjeverozapadna","zipcode":"48260","city":"Krizevci","address":"Ulica Kralja Tomislava 166","email":"ggregurek@net.hr","phone":"(091)172 090","mobile":"(091)302 1989","long":"18.685556","lat":"45.332778"},"KVA":{"name":"Kvarner","county":"Prim.-gor.Istra i Primorje","zipcode":"51000","city":"Rijeka","address":"Ede Jardasa 27a","email":"tenis-klub-kvarner@ri.htnet.hr","phone":"(051)621 601","mobile":"(095)906 9587","website":"www.tkk.hr","long":"14.409167","lat":"45.343056"},"LBR":{"name":"Libertas","county":"Dubr.-neret.Dalmacija","zipcode":"20000","city":"Dubrovnik","address":"Liechtensteinov put 10","email":"0)331 019tk.libertas@yahoo.com","phone":"(020)331 019","mobile":"(098)324 619","long":"18.091389","lat":"42.650556"},"LJD":{"name":"Losinj-Jadranka","county":"Prim.-gor.Istra i Primorje","zipcode":"51550","city":"Mali Losinj","address":"Suncana uvala bb","email":"jadranko.visak@ri.t-com.hr","phone":"cana uvala bb(051)232 014","mobile":"(098)259 248","long":"14.468611","lat":"44.530556"},"LUK":{"name":"Luka","county":"Zup.zagreb.","zipcode":"10926","city":"Luka","address":"Lucka cesta 21","email":"tkluka3@gmail.com","phone":"cka cesta 21(01)339 3751","mobile":"(098)164 0895","long":"17.867222","lat":"42.728889"},"MA":{"name":"Makarska","county":"Split.-dalm.Dalmacija","zipcode":"21300","city":"Makarska","address":"Franjevacki put bb","email":"tkmakarska@gmail.com","phone":"cki put bb(021)625 002","mobile":"(098)422 662","long":"17.017778","lat":"43.296944"},"MTC":{"name":"Match","county":"Gr. ZagrebZagreb","zipcode":"10040","city":"Zagreb","address":"Z. Ljevakovica 7","email":"tenis.klub.match@zg.t-com.hr","phone":"ca 7(01) 286 1098","mobile":"(098)570 540","website":"www.tenisskola.net","long":"16","lat":"45.8"},"MDV":{"name":"Medvescak","county":"Gr. ZagrebZagreb","zipcode":"10000","city":"Zagreb","address":"Schlosserove stube 2","email":"8003tk-medvescak@tk-medvescak.hr","phone":"(01)455 0657","mobile":"(091)568 4958","website":"www.tk-medvescak.hr","long":"16","lat":"45.8"},"MET":{"name":"Metkovic","county":"Dubr.-neret.Dalmacija","zipcode":"20350","city":"Metkovic","address":"Sportska 2/2","email":"zeljko.socivica@du.t-com.hr","phone":"(020)683 553","mobile":"(091)685 4405","long":"17.648333","lat":"43.054167"},"MIT":{"name":"Mitnica","county":"Vuk.-srijem.Slavonija","zipcode":"32000","city":"Vukovar","address":"Ilocka bb","email":"igor.ninic@vu.t-com.hr","phone":"cka bb(032)413 887","mobile":"(098)718 033","long":"18.999722","lat":"45.343333"},"MLD":{"name":"Mladost","county":"Gr. ZagrebZagreb","zipcode":"10000","city":"Zagreb","address":"Jarunska 5","email":"hatkmladost1@gmail.com","phone":"(01)3647 596","mobile":"(095)586 7222","long":"16","lat":"45.8"},"MAK":{"name":"Mladost-Akademicar","county":"Gr. ZagrebZagreb","zipcode":"10000","city":"Zagreb","address":"Jarunska 5","email":"tajnistvo@hatk-mladost-akademicar.hr","phone":"(099)235 5255","mobile":"(099)235 5255","long":"16","lat":"45.8"},"MOV":{"name":"Movens","county":"Gr. ZagrebZagreb","zipcode":"10090","city":"Zagreb","address":"Hrelicka zavrtnica 13","email":"marko@tk-movens.hr","phone":"cka zavrtnica 13(01)557 8433","mobile":"(098)664 982","website":"www.tk-movens.hr","long":"16","lat":"45.8"},"NA":{"name":"Nasice","county":"Osjecko.-baSlavonija","zipcode":"31500","city":"Nasice","address":"Kralja Tomislava 14","email":" 428ivan.grotic@os.t-com.hr","phone":"(031)615 060","mobile":"(098)980 6512","long":"18.087778","lat":"45.488611"},"NEO":{"name":"Neo","county":"Split.-dalm.Dalmacija","zipcode":"21000","city":"Split","address":"Vinkovacka 13","email":"neotennisneo@gmail.com","phone":"cka 13(091)4641355","mobile":"(091)464 1355","website":"www.neotennis.net","long":"16.455833","lat":"43.513889"},"NEP":{"name":"Neptun 2008","county":"Osjecko.-baSlavonija","zipcode":"31000","city":"Osijek","address":"Naselje Vladimira Nazora 14","email":"sapejic@gmail.com","phone":"(031) 207 553","long":"16.55","lat":"46.133333"},"NOG":{"name":"Nova Gradiska","county":"Brod.-posav.Slavonija","zipcode":"35400","city":"Nova Gradiska","address":"Trg Kralja Tomislava 5/1","email":"markobrcic@gmail.com","phone":"(095)837 ","long":"17.383056","lat":"45.255"},"NVG":{"name":"Novigrad","county":"Istarska","zipcode":"52466","city":"Novigrad","address":"Veliki trg 1","email":"sonelasegon@gmail.com","phone":"(099)683 3821","mobile":"(099)683 3821","long":"16.953889","lat":"46.078056"},"NOV":{"name":"Novska","county":"Sisac.-mos.","zipcode":"44330","city":"Novska","address":"Tina Ujevica 2b","email":"branimir.maticevic1@sk.t-com.hr","phone":"ca 2b(091)505 6890","mobile":"(091)505 6890","long":"16.976944","lat":"45.340556"},"OG":{"name":"Ogulin","county":"KarlovackaSredisnja","zipcode":"47300","city":"Ogulin","address":"Bolnicka bb","email":"zsug.ogulina@ka.t-com.hr","phone":"cka bb(047)531 970","mobile":"(091)152 2584","long":"15.228611","lat":"45.266111"},"OLI":{"name":"Olimpija Osijek 1984","county":"Osjecko.-baSlavonija","zipcode":"31000","city":"Osijek","address":"Ulica Olimpije 2","email":"wagnerdomagoj@gmail.com","phone":"(095)701 0001","mobile":"(095)701 0001","long":"16.55","lat":"46.133333"},"OPA":{"name":"Opatija","county":"Prim.-gor.Istra i Primorje","zipcode":"51410","city":"Opatija","address":"Drage Gervaisa 1","email":"5tenisopatija1931@gmail.com","phone":"(051)271 075","website":"www.tenisklubopatija.hr","long":"14.308333","lat":"45.339167"},"ORB":{"name":"Orebic","county":"Dubr.-neret.Dalmacija","zipcode":"20250","city":"Orebic","address":"Josipa bana Jelacica bb","email":"milerikalo@gmail.com","phone":"cica bb(020)714 094","mobile":"(091)506 3529","long":"17.174722","lat":"42.985556"},"ORO":{"name":"Oroslavje","county":"Krap.-zagor.Sredisnja","zipcode":"49243","city":"Oroslavje","address":"Gajeva 9","email":"ivan-katusic@net.hr","phone":"(049)284 130","mobile":"(098)187 2849","long":"15.911389","lat":"46.002778"},"OS":{"name":"Osijek","county":"Osjecko.-baSlavonija","zipcode":"31000","city":"Osijek","address":"Perivoj kralja Tomislava 1","email":"31)211 035teniski.klub.osijek@gmail.com","phone":"(031)211 035","mobile":"(098)642 495","long":"16.55","lat":"46.133333"},"PEC":{"name":"Pecine","county":"Prim.-gor.Istra i Primorje","zipcode":"51000","city":"Rijeka","address":"Setaliste XIII. Divizije 33","email":"jdjukic@optinet.hr","phone":"(051)421 782","mobile":"(091)240 4888","long":"14.409167","lat":"45.343056"},"PLO":{"name":"Ploce","county":"Dubr.-neret.Dalmacija","zipcode":"20340","city":"Ploce","address":"Trg kralja Tomislava 8","email":"igalic@voda.hr","phone":"(021)670 588","mobile":"(091)210 5555","long":"18.121667","lat":"42.640556"},"POD":{"name":"Podsused","county":"Gr. Zagreb","zipcode":"10090","city":"Zagreb","address":"Aleja seljacke bune 40","email":"miroslav.miljkovic@hep.hr","phone":"cke bune 40(01)349 0430","mobile":"(098)481 543","long":"16","lat":"45.8"},"POE":{"name":"Poen","county":"Split.-dalm.Dalmacija","zipcode":"21300","city":"Makarska","address":"Breljanska 4","email":"tkpoen@gmail.com","phone":"(091)334 1410","mobile":"(098)923 0738","long":"17.017778","lat":"43.296944"},"POM":{"name":"Pomak","county":"Split.-dalm.Dalmacija","zipcode":"21000","city":"Split","address":"Stinice 22","email":"tenis@tkpomak.hr","phone":"(098)764 554","mobile":"(091)513 8439","long":"16.455833","lat":"43.513889"},"PON":{"name":"Ponikve","county":"Gr. ZagrebZagreb","zipcode":"10090","city":"Zagreb","address":"Kozjacka 50","email":"tkponikve@tkponikve.hr","phone":"cka 50(01)346 4836","mobile":"(091)346 4836","website":"www.tkponikve.hr","long":"16","lat":"45.8"},"PO":{"name":"Pozega","county":"Poz.-slav.Slavonija","zipcode":"34000","city":"Pozega","address":"Pavla Radica 2a","email":"tk-pozega@po.t-com.hr","phone":"ca 2a(098)464 135 ","mobile":"(098)464 135","long":"17.685278","lat":"45.340278"},"PRE":{"name":"Precko","county":"Gr. Zagreb","zipcode":"10000","city":"Zagreb","address":"Dekanici bb","email":"tenis.klub.precko@zg.t-com.hr","phone":"ci bb(01)388 5495","mobile":"(091)501 5457","long":"16","lat":"45.8"},"PRL":{"name":"Prelog","county":"MedimurskaSjeverozapadna","zipcode":"40323","city":"Prelog","address":"Kralja Zvonimira 9","email":"11natasajurcec@yahoo.com.","phone":"(098)493 042","mobile":"(091)796 6266","website":"www.tkprelog.hr","long":"16.615556","lat":"46.335"},"PRO":{"name":"Pro 2000","county":"IstarskaIstra i Primorje","zipcode":"52450","city":"Porec","address":"Trg trsine 10","email":"juraj.dusparic@hotmail.com","phone":"(052)442 013","mobile":"(091)518 8208","long":"17.928056","lat":"45.367778"},"PUR":{"name":"Purger","county":"Gr. ZagrebZagreb","zipcode":"10020","city":"Zagreb","address":"Remetinecka cesta 64a","email":"ikpurger@gmail.com","phone":"cka cesta 64a(01)652 8847","mobile":"(098)257 894","long":"16","lat":"45.8"},"RAB":{"name":"Rab","county":"Prim.-gor.Istra i Primorje","zipcode":"51280","city":"Rab","address":"Barbat 600","email":"duje.severdija@grad-rab.com","phone":"(098)261 005","mobile":"(098)261 005","long":"14.760833","lat":"44.756944"},"RBC ":{"name":"Rabac","county":"IstarskaIstra i Primorje","zipcode":"52221","city":"Labin","address":"Prohaska bb","email":"ig-labin@pu.t-com.hr","phone":"(052)872 516","long":"14.119722","lat":"45.095"},"RGS":{"name":"Ragusa","county":"Dubr.-neret.Dalmacija","zipcode":"20000","city":"Dubrovnik","address":"Liechtensteinov put 10","email":"info@dubrovniktenis.com","phone":"(099)331 0199","mobile":"(091)486 3450","long":"18.091389","lat":"42.650556"},"RES":{"name":"Resnik","county":"Split.-dalmDalmacija","zipcode":"21217","city":"Kastel Stafilic","address":"Njiva sv. Petra 6","email":"info@tenis-klub-resnik.hr","phone":"(091)250 5008","mobile":"(091)520 3425","long":"16.333333","lat":"43.55"},"RUD":{"name":"Rudes","county":"Gr. ZagrebZagreb","zipcode":"10000","city":"Zagreb","address":"Rudeska 25/2","email":"teniski.klub.rudes@zg.t-com.hr","phone":"(01)386 2029","mobile":"(098)256 059 ","long":"16","lat":"45.8"},"RUK":{"name":"Rukavac","county":"Prim.-gor.Istra i Primorje","zipcode":"51211","city":"Matulji","address":"Rukavac 70","email":"sepic_marko@yahoo.com","phone":"(051)276 531","mobile":"(098)275 678","long":"14.325","lat":"45.361667"},"SAM":{"name":"Samobor 1890","county":"Zup.zagreb.Sredisnja","zipcode":"10430","city":"Samobor","address":"Josipa Jelacica 30","email":"tk.samobor@optinet.hr","phone":"cica 30(01)336 3501","mobile":"(098)218 755","long":"15.718056","lat":"45.803056"},"SSP":{"name":"San Spin","county":"Gr. ZagrebZagreb","zipcode":"10040","city":"Zagreb","address":"Mirosevecina 2","email":"san-spin@zg.htnet.hr","phone":"cina 2(01)298 5363","mobile":"(091)171 4239","website":"www.san-spin.hr","long":"16","lat":"45.8"},"SSV":{"name":"Sesvete","county":"Gr. ZagrebZagreb","zipcode":"10000","city":"Zagreb","address":"Trnovcica 125","email":"mario.jurkovic@hotmail.com","phone":"cica 125(01)200 5427","mobile":"(098)906 9469","long":"16","lat":"45.8"},"SIR":{"name":"Sirela","county":"Bjelov.-bilo.","zipcode":"43000","city":"Bjelovar","address":"Velike Sredice 11","email":"damir.svetnicka@optinet.hr","phone":"(095)904 2005","mobile":"(095)904 2005","long":"16.848889","lat":"45.898611"},"SLV":{"name":"Slavonija-Zito","county":"Osjecko.-baSlavonija","zipcode":"31000","city":"Osijek","address":"Sjenjak 46","email":"markolendl@gmail.com","phone":"(091)243 3325","mobile":"(091)243 3325","long":"16.55","lat":"46.133333"},"SMR":{"name":"Smrikve","county":"IstarskaIstra i Primorje","zipcode":"52100","city":"Pula","address":"Stinjanska cesta 91","email":"1tomislav.bozovic@pu.t-com.hr","phone":"(052)517 011","long":"13.848056","lat":"44.868333"},"SPI":{"name":"Spin","county":"Poz.-slav.","zipcode":"34000","city":"Pozega","address":"J.J. Strossmayera 47","email":"vlatko.digiorgio@gmail.com","phone":"(098)908 4160","mobile":"(098)908 4160","long":"17.685278","lat":"45.340278"},"ST":{"name":"Split","county":"Split.-dalm.","zipcode":"21000","city":"Split","address":"Put Firula 18","email":"tenis.klub.split@st.t-com.hr","phone":"(021)389 576","mobile":"(091)438 9576","website":"www.tk-split.hr","long":"16.455833","lat":"43.513889"},"STA'":{"name":"Stars","county":"Zup.zagreb.Sredisnja","zipcode":"10430","city":"Samobor","address":"Ulica Ivana Perkovca 90","email":"tkstars2014@gmail.com","phone":"(091)337 8814","mobile":"(091)337 8814","long":"15.718056","lat":"45.803056"},"STO":{"name":"Stobrec","county":"Split.-dalm.Dalmacija","zipcode":"21311","city":"Stobrec","address":"Put svetog Lovre 45b","email":"tc-stobrec@st.t-com.hr","phone":"(021)325 064","long":"16.522222","lat":"43.5025"},"SPA":{"name":"Spansko","county":"Gr. ZagrebZagreb","zipcode":"10000","city":"Zagreb","address":"Dolovska 36","email":"tenis.spansko@gmail.com","phone":"(01)389 8559","mobile":"(098)694 275","long":"16","lat":"45.8"},"SUB":{"name":"Subicevac","county":"Siben.-knin.Dalmacija","zipcode":"22000","city":"Sibenik","address":"Put Bana Jelacica 2","email":"tksubicevac1@gmail.com","phone":"cica 2(095)905 4857","mobile":"(091)197 8072","long":"17.181389","lat":"45.818333"},"TEN":{"name":"Tenax","county":"Gr. Zagreb","zipcode":"10000","city":"Zagreb","address":"A.Hebranga 26","email":"tktenax@htsv.hr","phone":"(01)495 4721","mobile":"(091)665 5454","long":"16","lat":"45.8"},"TT":{"name":"Tenis Team","county":"Istarska","zipcode":"52470","city":"Umag","address":"Savudrijska 15","email":"goranmaric0@gmail.com","phone":"(052)721 967","mobile":"(091)174 2191","long":"13.523889","lat":"45.431389"},"TER":{"name":"Terra","county":"Gr. ZagrebZagreb","zipcode":"10000","city":"Zagreb","address":"Veslacka 23","email":"miljenko.marjanovic@zg.t-com.hr","phone":"cka 23(01)363 4854","mobile":"(091)886 6901","website":"www.tkterra.com","long":"16","lat":"45.8"},"TIM":{"name":"Tim","county":"Bjelov.-bilo.Sjeverozapadna","zipcode":"43000","city":"Bjelovar","address":"A.Canjuge 5","email":"tihomir.culjak@gmail.com","phone":"(043)231 953","mobile":"(098)960 9961","long":"16.848889","lat":"45.898611"},"TSP":{"name":"Top Spin","county":"Gr. ZagrebZagreb","zipcode":"10000","city":"Zagreb","address":"Vlaska 83/1","email":"office@topspin.hr   ","phone":"(01)369 3690","mobile":"(098)980 6031 ","website":"www.tktopspin.hr.","long":"16","lat":"45.8"},"TVI":{"name":"Tvin","county":"Virov.-podr.","zipcode":"33000","city":"Virovitica","address":"Zbora narodne garde 2","email":"tenis20000@gmail.com    ","phone":"(033)742 104","mobile":"(098)167 8097","long":"17.383889","lat":"45.831944"},"ULJ":{"name":"Uljanik","county":"IstarskaIstra i Primorje","zipcode":"52100","city":"Pula","address":"Ulica Velog Joze 3","email":"mira.kaurin@uljanik.hr","phone":"(052)212 136","mobile":"(098)303 044","long":"13.848056","lat":"44.868333"},"VLP":{"name":"Valpovo","county":"Osjecko.-ba","zipcode":"31550","city":"Valpovo","address":"Ive Lole Ribara 5","email":"jcvenic@mathos.hr","phone":"(095)539 6390","mobile":"(091)222 1033","long":"18.418611","lat":"45.660833"},"VZD":{"name":"Varazdin 1181","county":"VarazdinskaSjeverozapadna","zipcode":"42000","city":"Varazdin","address":"Miroslava Krleze 1a","email":"14 940lovro_juzbasic@net.hr","phone":"(095)905 1084","mobile":"(095)905 1084","website":"www.tk-varazdin1181.hr  ","long":"16.337778","lat":"46.304444"},"VAR":{"name":"Varteks","county":"VarazdinskaSjeverozapadna","zipcode":"42000","city":"Varazdin","address":"Zagrebacka 91b","email":"tk.varteks@vz.t-com.hr","phone":"cka 91b(042)241 766","mobile":"(098)284 754","long":"16.337778","lat":"46.304444"},"VIC":{"name":"Victoria","county":"Gr. ZagrebZagreb","zipcode":"10000","city":"Zagreb","address":"Istarska 13","email":"tk.victoria@mail.inet.hr","mobile":"(099)464 542","long":"16","lat":"45.8"},"VK":{"name":"Vinkovci","county":"Vuk.-srijem.Slavonija","zipcode":"32100","city":"Vinkovci","address":"SRC Lenije bb","email":"tk.vinkovci@vk.t-com.hr","phone":"(032)306 192","mobile":"(098)167 0364","website":"www.tk-vinkovci.hr","long":"18.804722","lat":"45.288333"},"VIS":{"name":"Viskovo","county":"Prim.-gor.Istra i Primorje","zipcode":"51216","city":"Viskovo","address":"Marinici 144","email":"tenis-2013@net.hr","phone":"(051)258 377","mobile":"(091)259 0688","long":"14.384","lat":"45.3757"},"VDI":{"name":"Vodnjan-Dignano","county":"Istarska","zipcode":"52215","city":"Vodnjan","address":"Trgovacka 2","email":"ezio.pinzan@vodnjan.hr","phone":"cka 2(098)367 388","mobile":"(098)367 388","long":"13.851667","lat":"44.959444"},"VRB":{"name":"Vrbovec","county":"Zup.zagreb.Sredisnja","zipcode":"20340","city":"Vrbovec","address":"Sajmisna bb - p.p. 38","email":"9 1293ivor.koretic@gmail.com","phone":"(01)279 1293","mobile":"(095)913 3698","long":"15.766667","lat":"45.816667"},"VRG":{"name":"Vrgorac","county":"Split.-dalm.","zipcode":"21276","city":"Vrgorac","address":"Tina Ujevica 9","email":"neda.primorac@hotmail.com","phone":"ca 9(021)678 843","mobile":"(091)927 2120","long":"17.371111","lat":"43.205833"},"VUK":{"name":"Vukovar","county":"Vuk.-srijem.","zipcode":"32000","city":"Vukovar","address":"Velika skela 60 ","email":"t.k.vukovar@gmail.com","phone":"Danak)(099)194 1855","mobile":"(099)694 0150","long":"18.999722","lat":"45.343333"},"VUL":{"name":"Vulpes","county":"Gr. ZagrebZagreb","zipcode":"10000","city":"Zagreb","address":"Nova cesta 44","email":"darija.deskovic@zg.t-com.hr","phone":"(01)382 1309","mobile":"(098)354 777","long":"16","lat":"45.8"},"WIM":{"name":"Wimbledon","county":"Prim.-gor.Istra i Primorje","zipcode":"51000","city":"Rijeka","address":"Podpinjol 29","email":"miso.juric@gmail.com","phone":"(051)341 104","mobile":"(091)507 8330","long":"14.409167","lat":"45.343056"},"ZAD":{"name":"Zadar 08","county":"ZadarskaDalmacija","zipcode":"23000","city":"Zadar","address":"Frana Supila 16","email":"lovro_r@yahoo.com","phone":"(098)172 0228","mobile":"(098)172 0228","long":"15.242222","lat":"44.119722"},"ZGI":{"name":"Zagi","county":"Gr. ZagrebZagreb","zipcode":"10000","city":"Zagreb","address":"Havidiceva 38","email":"zagi_sport@inet.hr","phone":"ceva 38(01)665 8448","mobile":"(091)660 0811","website":"www.zagi-sport.hr","long":"16","lat":"45.8"},"ZPR":{"name":"Zapresic","county":"Zup.zagreb.Sredisnja","zipcode":"10290","city":"Zapresic","address":"Mirka Bogovica 53a","email":"petarlacy@gmail.com","phone":"ca 53a(01)339 0010","mobile":"(098)221 795","long":"15.807778","lat":"45.856389"},"ZLA":{"name":"Zlatar","county":"Krap.-zagor.Sredisnja","zipcode":"49250","city":"Zlatar  ","address":"Trg Slobode 2","email":"kreso@tenis-zlatar.hr","phone":"(049)467 765","mobile":"(098)634 717","website":"www.tenis-zlatar.hr","long":"16.075556","lat":"46.085556"},"ZRT":{"name":"Zlatni rat - Bol","county":"Split.-dalm.","zipcode":"21420","city":"Bol","address":"Bol, Otok Brac","email":"zlatnirat@bluesunhotels.com","phone":"c(021)635 210","mobile":"(099)218 9880","website":"www.bluesunhotels.com","long":"16.655","lat":"43.261944"},"ZSU":{"name":"Zlatno sunce","county":"IstarskaIstra i Primorje","zipcode":"52470","city":"Umag","address":"Ernesta Milosa 2a","email":"luka.jercog@pu.t-com.hr","phone":"(091)561 0259","mobile":"(091)561 0259","long":"13.523889","lat":"45.431389"},"ZAR":{"name":"Zar","county":"Gr. ZagrebZagreb","zipcode":"10000","city":"Zagreb","address":"Livadiceva 11","email":"teniski.klub.zar@gmail.com","phone":"ceva 11(01)230 2659","mobile":"(091)521 2222","long":"16","lat":"45.8"},"DIN":{"name":"Dinamo","county":"Gr. ZagrebZagreb","zipcode":"10000","city":"Zagreb","address":"Maksimirska 132 ","email":" 0429admin@tkdinamo.hr","phone":"(091)524 0106","mobile":"(091)524 0106","long":"16","lat":"45.8"},"MAS":{"name":"Mala Salata","county":"Gr. ZagrebZagreb","zipcode":"10000","city":"Zagreb","address":"Vocarska 106","email":"malasalata@yahoo.com","phone":"carska 106(095)198 8680","mobile":"(095)198 8680","website":"www.malasalata.hr","long":"16","lat":"45.8"},"PRJ":{"name":"Pro Junior","county":"Gr. ZagrebZagreb","zipcode":"10040","city":"Zagreb","address":"A.B.Jurisica 37","email":"tkprojunior@aol.com","phone":"ca 37(095)883 5589","mobile":"(095)883 5589","website":"www.tenis-sesvete.net","long":"16","lat":"45.8"},"RAL":{"name":"Rally","county":"Gr. ZagrebZagreb","zipcode":"10360","city":"Zagreb","address":"Rebro 46","email":"tkrally@kvalitetnaskolatenisa.com","phone":"(095)903 4421","website":"www.kvalitetnaskolatenisa.com","long":"16","lat":"45.8"},"SPT":{"name":"Split 1950","county":"Split.-dalm.Dalmacija","zipcode":"21000","city":"Split","address":"Put Firula 18","email":"tksplit1950@gmail.com","phone":"(095)433 7654","mobile":"(095)433 7654","long":"16.455833","lat":"43.513889"},"TTC":{"name":"Tennis team Cerezin","county":"Gr. ZagrebZagreb","zipcode":"10000","city":"Zagreb","address":"10. Vrbik 4","email":"davor.cerezin2@zg.t-com.hr","phone":"(098)304 565","mobile":"(098)304 565","long":"16","lat":"45.8"}}